Идентификатор видео,Дата создания видео в плейлисте
ppBU5j8YLWo,2024-11-05T19:21:52+00:00
aH25PrEJbVo,2024-11-03T17:21:53+00:00
UCpbg4H_0hw,2024-10-30T19:26:38+00:00
VjNqTKzdsGo,2024-10-21T11:04:29+00:00
yeatOU5vVsA,2024-10-16T14:57:23+00:00
QVvrkwipr8g,2024-09-13T18:50:06+00:00
ntM7utSjeVU,2024-09-12T15:50:29+00:00
agewQEn7MmI,2024-09-08T15:44:15+00:00
qIRvWwNltz4,2024-09-07T18:40:40+00:00
4Q3ZXQZZlcE,2024-09-07T18:40:35+00:00
c0kP1GHyrAE,2024-09-07T09:50:20+00:00
gAkwW2tuIqE,2024-09-06T18:42:06+00:00
jE21xFXX6co,2024-09-01T12:38:46+00:00
DOtM1mrWjUo,2024-08-31T14:04:53+00:00
SI9A0bgGh4A,2024-08-29T19:44:24+00:00
GVZJp2g0IsE,2024-08-29T19:36:33+00:00
pXnx-KUwAg0,2024-08-29T19:32:06+00:00
DyDEIavz0X4,2024-08-28T10:57:42+00:00
cq4AqVNErqM,2024-08-28T06:14:40+00:00
g2fT-g9PX9o,2024-08-22T19:06:41+00:00
GsjHMzGl-VY,2024-08-22T19:03:48+00:00
qUJf_ACn6q4,2024-08-22T13:57:49+00:00
SRqVuAUP2N0,2024-08-22T13:53:19+00:00
7G3OjGDQmd8,2024-08-17T19:04:48+00:00
jfyt5ueyWN8,2024-08-17T09:22:49+00:00
Ajy1lS9qJbs,2024-08-16T15:44:45+00:00
bdKZVIGRAKQ,2024-08-16T10:43:33+00:00
ttHCJ1oFpDc,2024-08-15T18:42:01+00:00
mE6_A1hRcQk,2024-08-15T18:41:55+00:00
XuQVbZ0wENE,2024-08-13T14:39:40+00:00
YnSv8ylLfPw,2024-08-11T19:33:27+00:00
2HrYIl6GpYg,2024-08-11T18:29:18+00:00
SVc6n5aOzy0,2024-08-11T18:21:40+00:00
cOgC4diTplc,2024-08-01T14:17:09+00:00
z6c5W8S9QfI,2024-08-01T14:05:46+00:00
0Lq1uQmUTxc,2024-07-27T20:00:17+00:00
bMflg88S970,2024-07-27T18:59:33+00:00
c0S6qhrD68Y,2024-07-27T18:16:08+00:00
GtcF7Mj0GC0,2024-07-27T18:03:34+00:00
ifNzg5x6a8k,2024-07-17T10:03:29+00:00
AcfvPdes0J8,2024-06-15T16:38:14+00:00
GYiqqLMEzp8,2024-06-15T12:08:12+00:00
3FDtLMYjX78,2024-06-14T14:36:22+00:00
Jbqq8_be1kY,2024-05-22T13:33:28+00:00
dey6Fj6bgIo,2024-05-22T13:29:24+00:00
69u_Pxb_8zI,2024-05-10T12:59:01+00:00
nYz365KsU4o,2024-03-31T06:11:51+00:00
W-E9WbgD3kI,2024-01-25T14:51:19+00:00
WtT43kVUnjU,2024-01-13T13:42:27+00:00
ZxdhG1OhVng,2024-01-02T14:00:34+00:00
VczNDDkFiAI,2023-12-14T13:39:08+00:00
qOEm73e7xUs,2023-12-13T19:06:23+00:00
UDFlI4ZmM38,2023-12-13T14:07:39+00:00
PdtF6JnS6jo,2023-12-10T08:27:20+00:00
NAl-ULEattw,2023-12-09T17:23:01+00:00
pYSVGPZV02s,2023-12-02T08:16:59+00:00
4J-DTbZlJ5I,2023-12-02T07:45:09+00:00
BkGdpx30hrY,2023-11-28T15:32:21+00:00
J7jHMyT5PJc,2023-11-25T12:32:00+00:00
VLiCgB0odOQ,2023-11-22T12:04:58+00:00
re-dSV_a0tM,2023-11-21T04:26:22+00:00
8ZMjbOmPuZs,2023-11-11T06:15:15+00:00
lDkTNURDIaY,2023-11-05T08:02:39+00:00
La3sb5y7e-k,2023-10-31T10:08:31+00:00
f4c5wxGbivY,2023-10-31T08:20:49+00:00
p7BtVmOWxrY,2023-10-31T08:05:08+00:00
4uWpgTuFRkw,2023-10-31T04:14:38+00:00
i2h7a4YYI1E,2023-10-30T11:57:12+00:00
huMO4VQEwPc,2023-10-30T05:34:50+00:00
Fu5utOS5Tyc,2023-10-29T15:56:27+00:00
EsrySR1-HKk,2023-10-27T07:15:46+00:00
1cUUfMeOijg,2023-10-26T16:00:10+00:00
LTbjlUe7vMk,2023-10-24T16:43:01+00:00
0xssCfBiUds,2023-10-23T18:25:43+00:00
FOO4JsoZlxk,2023-10-23T05:02:39+00:00
RvzY3gQsLLk,2023-10-17T15:02:55+00:00
_um664P-MRI,2023-10-15T21:36:06+00:00
8n5aYwe8Fok,2023-10-15T11:41:59+00:00
uAdmzyKagvE,2023-10-15T11:40:00+00:00
z-lk21e7zVM,2023-10-11T06:32:13+00:00
xnJNMvQ4wm8,2023-10-05T11:55:03+00:00
v8w1i3wAKiw,2023-10-05T10:40:32+00:00
wY70NCW98Is,2023-10-04T09:50:25+00:00
ej0U3YbH1jM,2023-10-02T10:42:45+00:00
_Na3a1ZrX7c,2023-09-23T07:52:52+00:00
FrOkcJH9hGc,2023-09-17T20:28:48+00:00
yPfagLeUa7k,2023-09-01T10:48:40+00:00
p7YJGdE-0_Y,2023-08-27T13:42:52+00:00
J0NuOlA2xDc,2023-08-26T08:20:21+00:00
f5liqUk0ZTw,2023-08-24T21:36:29+00:00
_hrkl2jrokY,2023-08-20T20:31:13+00:00
td7Nz9ATyWY,2023-08-19T03:02:38+00:00
ImnW8h9pKuk,2023-08-15T17:50:14+00:00
rSBhWgb4jdI,2023-08-15T12:49:26+00:00
qJgsuQoy9bc,2023-08-12T07:30:29+00:00
5hPsINr39Ck,2023-08-10T15:15:33+00:00
tX5SPXE_ZV4,2023-08-06T07:45:27+00:00
iAzkyS1Uc_0,2023-08-04T15:28:57+00:00
z4VNVuUqVm0,2023-07-30T19:04:26+00:00
otO3G7u-bXo,2023-07-28T17:18:49+00:00
PH9q0HNBjT4,2023-07-28T08:09:58+00:00
P7-Tet9bK6A,2023-07-27T17:31:52+00:00
fYZXOPJPoIo,2023-07-25T03:41:34+00:00
Q85l1Fenc5w,2023-07-23T12:48:54+00:00
wROQUZDCIMI,2023-07-22T14:20:13+00:00
IbfvxelK6ok,2023-06-29T19:01:30+00:00
z2uFaBoYhaY,2023-06-27T04:11:09+00:00
FH6oEwmEgnk,2023-06-21T13:43:18+00:00
iM_KMYulI_s,2023-06-10T14:08:41+00:00
McM3CfDjGs0,2023-05-31T03:58:53+00:00
ZQP-7BPvvq0,2023-05-26T17:48:18+00:00
KpohpURAKUQ,2023-05-25T10:49:24+00:00
A3YD_mU1Pb8,2023-05-23T11:13:56+00:00
JpjUmq2lbLE,2023-05-06T15:55:11+00:00
e46wHUjNDjE,2023-05-06T11:32:01+00:00
0odA4-TVUkE,2023-05-03T14:07:19+00:00
DEkjDkr0Qmc,2023-04-22T07:34:58+00:00
n9AQqhAU95A,2023-04-22T07:30:26+00:00
nALyxj1RUn8,2023-04-14T17:47:03+00:00
IftGLsUW7q0,2023-04-11T09:01:13+00:00
RGT794u6akI,2023-04-10T07:32:35+00:00
UOkOA6W-vwc,2023-04-10T05:06:53+00:00
eX-X9BXMOiM,2023-04-08T02:17:21+00:00
UjEngEpiJKo,2023-04-07T19:39:43+00:00
eGemlz7krlk,2023-04-07T14:47:40+00:00
9dx9_X5fM6o,2023-04-06T13:16:06+00:00
cwBoUuy4nGc,2023-04-06T13:12:56+00:00
57yCeKge8LI,2023-04-06T12:26:45+00:00
g16heGLKlTA,2023-04-05T07:59:47+00:00
uD4izuDMUQA,2023-04-01T18:11:37+00:00
DFvpX9B7VcI,2023-03-31T14:20:34+00:00
OFRjZtYs3wY,2023-03-30T18:01:03+00:00
SrU9YDoXE88,2023-03-27T16:12:58+00:00
1jlmCFA1a6I,2023-03-25T15:36:09+00:00
nrczO8tWJNg,2023-03-25T13:17:23+00:00
wPBjd-vb9eI,2023-03-25T11:50:45+00:00
ur0UGCL6RWc,2023-03-22T15:38:30+00:00
Qwd25JV-jnU,2023-03-17T17:25:12+00:00
s-rcRA_1zeM,2023-03-06T07:17:37+00:00
1f6N2UrCK6o,2023-03-01T07:00:15+00:00
YLR2Vm346Lc,2023-02-27T14:28:28+00:00
A0WxtAo6iss,2023-02-22T14:01:30+00:00
FWTNMzK9vG4,2023-02-22T13:24:13+00:00
EN8reImUrzo,2023-02-19T09:58:52+00:00
orSyIjIr40s,2023-02-15T16:17:11+00:00
7TJ7IUNWGl4,2023-02-15T14:12:33+00:00
Vb-lv-YjnfI,2023-02-14T14:25:16+00:00
UhM_H3lFk_Q,2023-02-06T12:28:50+00:00
zl4wFcufdA4,2023-02-03T17:51:02+00:00
VUHi-vlACJI,2023-02-01T10:52:09+00:00
p8u_k2LIZyo,2023-01-30T10:26:01+00:00
bAHXYfP38CA,2023-01-27T07:13:11+00:00
nlQTU37dfC4,2023-01-26T13:12:08+00:00
tNq3vQ6_Ou8,2023-01-22T13:08:43+00:00
JXrWPLNp9tw,2023-01-13T07:58:40+00:00
aSgnmiVSsAI,2023-01-09T12:03:10+00:00
wmfhxNUI8pE,2023-01-08T15:31:01+00:00
JlfkEg3aiRM,2023-01-08T15:24:27+00:00
zLYawX3giWM,2023-01-06T19:25:56+00:00
2jIfE25DUhU,2023-01-06T13:29:46+00:00
ENEpJJPQomg,2023-01-06T13:22:59+00:00
dNUlw_KG6BA,2023-01-06T13:22:21+00:00
rZKSI9BOZZY,2023-01-05T11:25:23+00:00
AaZ_RSt0KP8,2023-01-05T09:41:15+00:00
MdQwYHBffGA,2022-12-31T14:21:20+00:00
e6BVMv0yHMg,2022-12-26T10:30:31+00:00
3XjSTG-oIMw,2022-12-25T09:19:01+00:00
6XYi5nSu_P0,2022-12-18T19:47:49+00:00
rHAUcP4PZjo,2022-12-16T07:52:25+00:00
i3Z3PzNzYig,2022-12-11T06:18:52+00:00
EltsxkoII_A,2022-12-11T06:18:37+00:00
dprsFhqKa_o,2022-12-10T13:35:06+00:00
uoYiKk-71Oc,2022-12-06T08:35:29+00:00
uodNrln4WTI,2022-12-02T14:19:26+00:00
5jUbukComgU,2022-12-02T08:39:46+00:00
JRiLk9qw59Y,2022-12-02T08:34:58+00:00
mvq6poUuP4I,2022-12-02T07:10:26+00:00
I1vlY52oCo8,2022-11-27T11:56:44+00:00
d1XfOuvLbxg,2022-11-26T07:07:32+00:00
2dwQUUDt5Is,2022-11-23T06:57:03+00:00
YxZL-rIYG8k,2022-11-18T15:05:51+00:00
Xr-5cjPvTUE,2022-11-18T06:47:01+00:00
IEglLdPw8x8,2022-11-16T13:00:19+00:00
O85OWBJ2ayo,2022-11-14T03:16:34+00:00
K1DMCWVhZXs,2022-11-13T13:28:24+00:00
851U557j6HE,2022-11-05T02:34:20+00:00
CqkhjL3WvWQ,2022-10-31T05:35:52+00:00
v3CTug8_VE0,2022-10-29T15:18:46+00:00
BHcyuzXRqLs,2022-10-29T15:16:42+00:00
aJt2POa9oCM,2022-10-25T11:34:58+00:00
pTnEG_WGd2Q,2022-10-24T17:49:10+00:00
xf1hIfV-8sg,2022-10-23T12:39:17+00:00
A2sS00egAzg,2022-10-23T12:37:02+00:00
fb_v5Bc8PSk,2022-10-23T11:21:32+00:00
eAkb2mpybnM,2022-10-23T04:57:43+00:00
oYssdixnmK8,2022-10-22T10:00:46+00:00
DCTPqiGLeRU,2022-10-18T14:21:40+00:00





